{
  "weichai-power": 74.97656982193065,
  "dingli-machinery": 37.803804666590274,
  "hengli-hydraulic": 27.36485908278489,
  "sany-heavy": 34.83438270772201,
  "airtac": 31.25690406988182,
  "lhds": 0,
  "zhejiang-sanhua": 55.01405810684162,
  "cambricon": 83.13964386129335,
  "innolight": 71.80456958731082,
  "apr": 52.44175630507111,
  "amorepacific": 32.11808809746954,
  "pumtech-korea": 82.4742268041237,
  "titan": 23.968616559545048,
  "samsung-biologics": 40.546750183319816,
  "neway-valve": 100,
  "frontken": 35.23898781630741,
  "vitrox": 32.08059981255858,
  "uwc": 37.488284910965326
}