{
  "weichai-power": 43.49357083676142,
  "dingli-machinery": 40.1056488339216,
  "hengli-hydraulic": 30.107192216368798,
  "sany-heavy": 37.692705347934194,
  "airtac": 34.16239962264602,
  "lhds": 7.495854063018243,
  "zhejiang-sanhua": 35.95535737737082,
  "cambricon": 83.13964386129335,
  "innolight": 72.51510468465548,
  "apr": 53.576773089590716,
  "amorepacific": 35.10550681218192,
  "pumtech-korea": 50.29745194262287,
  "titan": 26.505584633555085,
  "samsung-biologics": 43.439881341565645,
  "neway-valve": 58.428208268163644,
  "frontken": 25.883218073256934,
  "vitrox": 23.677957182225107,
  "uwc": 26.636795158469866,
  "chow-tai-fook-1929hk": 22.436442923091562,
  "hyundai-motor-005380ks": 53.690167395394056,
  "obic-business-consultants-4733jp": 33.30728523192802
}