{
  "weichai-power": 74.97656982193065,
  "dingli-machinery": 38.30883772921832,
  "hengli-hydraulic": 28.054205650077712,
  "sany-heavy": 35.63792734484879,
  "airtac": 32.16673903377318,
  "lhds": 0,
  "zhejiang-sanhua": 55.01405810684162,
  "cambricon": 83.13964386129335,
  "innolight": 71.69820950644541,
  "apr": 52.446376472374595,
  "amorepacific": 33.036397314741954,
  "pumtech-korea": 82.4742268041237,
  "titan": 24.662196172199476,
  "samsung-biologics": 41.417349200778006,
  "neway-valve": 100,
  "frontken": 35.23898781630741,
  "vitrox": 32.08059981255858,
  "uwc": 37.488284910965326,
  "chow-tai-fook-1929hk": 20.324338942587907,
  "hyundai-motor-005380ks": 51.73033554240763,
  "obic-business-consultants-4733jp": 55.201499531396436
}