{
  "weichai-power": 34.08172104303739,
  "dingli-machinery": 33.47029472934616,
  "hengli-hydraulic": 24.495376776860844,
  "sany-heavy": 30.010282953806954,
  "airtac": 27.821165824124456,
  "lhds": 7.495854063018243,
  "zhejiang-sanhua": 29.04941259122581,
  "cambricon": 72.7395498392283,
  "innolight": 61.06794237303863,
  "apr": 46.164941377033045,
  "amorepacific": 28.164267589310455,
  "pumtech-korea": 39.944417169526446,
  "titan": 22.55260772019099,
  "samsung-biologics": 33.83979455196714,
  "neway-valve": 45.875153605784234,
  "frontken": 21.45964867020664,
  "vitrox": 19.650861951735436,
  "uwc": 21.930870261607854,
  "chow-tai-fook-1929hk": 19.0246473728666,
  "hyundai-motor-005380ks": 41.725353345122386,
  "obic-business-consultants-4733jp": 26.377810821298702,
  "konami-9766jp": 30.21184583238235,
  "sega-sammy-6460jp": 25.009446296292904,
  "nexon-3659jp": 27.63092410060227,
  "wiwynn-6669tt": 54.98648799306043,
  "disco-6146jp": 27.04487629565228,
  "wistron-3231tt": 69.41582367070686
}